Date,Client,Request,Result
2023-05-15 18:15:19,CN=Client,OU=ST9,O=Insegus,L=Sevilla,ST=Andalucia,C=ES,"{"sabanas":"3322","signature":"RvACZ+v5JJ6KSulIvn++Avdi7puM\/rBL9OvkoWu1o8+wLJ4YK84cMQVQ2BUvpM78bsrfxbYItKzp454rNSDqqmarFjEsl9rURseDnfm7fqv5AaAfVIANb4QmAJiXly2M8gPkLSo+4IR2Feh49lhhHUYFm97FpqAq0moZWEHjVi0qnvnYF4j\/4XwZmX5lPlXIlGwMxh25etmaYHJ32wNMXjWw5dDQEbhX1NEC\/ipzeQ27sbdqJOvAODmAzEh+85qw9doJ377\/pPcywXv8qm4AvT9zik3urKXdrmGDWdYgXqZYGffd7mVjEPS\/VDWKNr3J01re+25JyXfbSzk0RAy4wA=="}",Petición OK
2023-05-15 19:54:59,CN=Client,OU=ST9,O=Insegus,L=Sevilla,ST=Andalucia,C=ES,"{"sabanas":"200","signature":"Z0siymCu08f\/Hywq5vdQ6fqe22h0guidazl2Kiqou5fG\/H7XjdmzTN1YXYqnmohlr\/5PCg8z60KMJrWLeD8bwUVu2PskSzWp\/oIimTCNJULkeHxEIjVOQy7JWzUe+GRa9QWwWXQxrFqWE2Z5qVms9ndJeVh0bLNEF2qQ5qNktlskqRx2GlHkR+KoNzfNPai34sgGMIEjyQkbAPVnFpEyv3+ho8lfYjPsPO202mq7dQwGqmxVYFQmL5ACtCS7x2VtPGpXo6RX1+YB9zoMSsGIhN9u1LIXNLAX19OghsbM396CA2HB5NPDalf6bxSos4FizoVvh+R37wd+ND9f0pkkqA=="}",Petición OK
2023-05-15 19:55:04,CN=Client,OU=ST9,O=Insegus,L=Sevilla,ST=Andalucia,C=ES,"{"sabanas":"200","signature":"Z0siymCu08f\/Hywq5vdQ6fqe22h0guidazl2Kiqou5fG\/H7XjdmzTN1YXYqnmohlr\/5PCg8z60KMJrWLeD8bwUVu2PskSzWp\/oIimTCNJULkeHxEIjVOQy7JWzUe+GRa9QWwWXQxrFqWE2Z5qVms9ndJeVh0bLNEF2qQ5qNktlskqRx2GlHkR+KoNzfNPai34sgGMIEjyQkbAPVnFpEyv3+ho8lfYjPsPO202mq7dQwGqmxVYFQmL5ACtCS7x2VtPGpXo6RX1+YB9zoMSsGIhN9u1LIXNLAX19OghsbM396CA2HB5NPDalf6bxSos4FizoVvh+R37wd+ND9f0pkkqA=="}",Petición OK
2023-05-15 19:55:09,CN=Client,OU=ST9,O=Insegus,L=Sevilla,ST=Andalucia,C=ES,"{"sabanas":"200","signature":"Z0siymCu08f\/Hywq5vdQ6fqe22h0guidazl2Kiqou5fG\/H7XjdmzTN1YXYqnmohlr\/5PCg8z60KMJrWLeD8bwUVu2PskSzWp\/oIimTCNJULkeHxEIjVOQy7JWzUe+GRa9QWwWXQxrFqWE2Z5qVms9ndJeVh0bLNEF2qQ5qNktlskqRx2GlHkR+KoNzfNPai34sgGMIEjyQkbAPVnFpEyv3+ho8lfYjPsPO202mq7dQwGqmxVYFQmL5ACtCS7x2VtPGpXo6RX1+YB9zoMSsGIhN9u1LIXNLAX19OghsbM396CA2HB5NPDalf6bxSos4FizoVvh+R37wd+ND9f0pkkqA=="}",Petición OK
2023-05-15 19:57:00,CN=Client,OU=ST9,O=Insegus,L=Sevilla,ST=Andalucia,C=ES,"{"camas":"300","sabanas":"200","signature":"jroUplNwpxS2rLFcM101yPrsBeSwifDx\/3ysUbXASN+Nw3DsELw5EtwVCMWWr6lJfqn6sl6pyID9HRW7kYQuRUMUxR23s+9IvQFf2hXQHJ1l489pzMkjgAkfPItumQjUdOgdEIGYm8yueLXctpL5yNLQZ2\/rd+SNbVz36Z5E9Xk+fj46v4pOrWhzrYOzqXRdCcH0q9fA3uYmG0wZ2iYhNT7P23yIEmotMSKO6oGf1tYQ6u9zGuaEDbjDfODbmYjjXfOKzC4CY2DRLl3L\/yZKHqRDUaDgaDjRDp2\/mB1znLDkTONalaHjnynhlcFM\/vzPmgC1aRI4o6unfLD9StbvuQ=="}",Petición OK
2023-05-15 19:57:11,CN=Client,OU=ST9,O=Insegus,L=Sevilla,ST=Andalucia,C=ES,"{"camas":"300","sabanas":"200","signature":"jroUplNwpxS2rLFcM101yPrsBeSwifDx\/3ysUbXASN+Nw3DsELw5EtwVCMWWr6lJfqn6sl6pyID9HRW7kYQuRUMUxR23s+9IvQFf2hXQHJ1l489pzMkjgAkfPItumQjUdOgdEIGYm8yueLXctpL5yNLQZ2\/rd+SNbVz36Z5E9Xk+fj46v4pOrWhzrYOzqXRdCcH0q9fA3uYmG0wZ2iYhNT7P23yIEmotMSKO6oGf1tYQ6u9zGuaEDbjDfODbmYjjXfOKzC4CY2DRLl3L\/yZKHqRDUaDgaDjRDp2\/mB1znLDkTONalaHjnynhlcFM\/vzPmgC1aRI4o6unfLD9StbvuQ=="}",Petición OK
2023-05-15 19:57:19,CN=Client,OU=ST9,O=Insegus,L=Sevilla,ST=Andalucia,C=ES,"{"camas":"300","sabanas":"200","signature":"jroUplNwpxS2rLFcM101yPrsBeSwifDx\/3ysUbXASN+Nw3DsELw5EtwVCMWWr6lJfqn6sl6pyID9HRW7kYQuRUMUxR23s+9IvQFf2hXQHJ1l489pzMkjgAkfPItumQjUdOgdEIGYm8yueLXctpL5yNLQZ2\/rd+SNbVz36Z5E9Xk+fj46v4pOrWhzrYOzqXRdCcH0q9fA3uYmG0wZ2iYhNT7P23yIEmotMSKO6oGf1tYQ6u9zGuaEDbjDfODbmYjjXfOKzC4CY2DRLl3L\/yZKHqRDUaDgaDjRDp2\/mB1znLDkTONalaHjnynhlcFM\/vzPmgC1aRI4o6unfLD9StbvuQ=="}",Petición OK
2023-05-15 20:02:41,CN=Client,OU=ST9,O=Insegus,L=Sevilla,ST=Andalucia,C=ES,"{"camas":"300","mesas":"300","sabanas":"300","sillas":"300","sillones":"300","signature":"I7L90+YFq57Iw2sSdjWRS406uS6Ah70BMY64Tsw4ca4cSjON6m1W\/2IsKD0DQVEOYCjS9XB0RbDXYpOHOx36mc47hd1gDh69SNnUmz6NxdqOtRuxXBQeQqFwp2V4mYRoWieFofZrhDM1FVk+5+pxgCD\/8roSEi43hdROivUOLr1HgvTeVMBy9Sd\/YFPqnpfBrU1xVKdRfN8lqPiZG6BDrsF\/F\/S6YvUnIFs8t0QlvXrsvyUjrwA7aTAHLQMqIy7kZ27iq3IuIUrvstN+QTRUz2oVlS+ikdmaUm5N6Mf1oRVD\/VIKDNhPnj9G+dHkOS4P95iUUc43jTesI++uLg5ODg=="}",Petición INCORRECTA
2023-05-15 20:13:05,CN=Client,OU=ST9,O=Insegus,L=Sevilla,ST=Andalucia,C=ES,"{"camas":"300","mesas":"300","sabanas":"300","sillas":"300","sillones":"300","signature":"I7L90+YFq57Iw2sSdjWRS406uS6Ah70BMY64Tsw4ca4cSjON6m1W\/2IsKD0DQVEOYCjS9XB0RbDXYpOHOx36mc47hd1gDh69SNnUmz6NxdqOtRuxXBQeQqFwp2V4mYRoWieFofZrhDM1FVk+5+pxgCD\/8roSEi43hdROivUOLr1HgvTeVMBy9Sd\/YFPqnpfBrU1xVKdRfN8lqPiZG6BDrsF\/F\/S6YvUnIFs8t0QlvXrsvyUjrwA7aTAHLQMqIy7kZ27iq3IuIUrvstN+QTRUz2oVlS+ikdmaUm5N6Mf1oRVD\/VIKDNhPnj9G+dHkOS4P95iUUc43jTesI++uLg5ODg=="}",Petición INCORRECTA
2023-05-15 20:14:03,CN=Client,OU=ST9,O=Insegus,L=Sevilla,ST=Andalucia,C=ES,"{"camas":"33","mesas":"35","sabanas":"22","sillas":"55","sillones":"25","signature":"OXw75m6RjTDA5ZUf+NlUo3Eo6pnoFyzJLepYbHOcRwPSGHtbl89JTfviKR2WX76HArJOEUF4Z91dxur4Y93VoUV9tU4F1kUGbP1WB5MQ3ZjZWPWEgTwEfqQkeEOSkJLpI45RbxuwoQy91jURehCrKiZIkuIMMYfm6Fxlu9\/+NdUf+Ve1uW9nxjweDiLJHy3rHSD6siJ9LVKh5fEYiUYzyIdGsYFLd4RI3GexILs+\/cBxv5DNtkjhgspHgj7bE+S6JBgHFFJUi4kfiqv06uy5Lx1zxwtHU6j9QmVTU7bPZFoxBosOIMzE\/zrYfAiLEiDYQZTIIdPnY0li8tOX+Hijzw=="}",Petición INCORRECTA
2023-05-15 20:14:47,CN=Client,OU=ST9,O=Insegus,L=Sevilla,ST=Andalucia,C=ES,"{"camas":"33","mesas":"35","sabanas":"22","sillas":"55","sillones":"25","signature":"OXw75m6RjTDA5ZUf+NlUo3Eo6pnoFyzJLepYbHOcRwPSGHtbl89JTfviKR2WX76HArJOEUF4Z91dxur4Y93VoUV9tU4F1kUGbP1WB5MQ3ZjZWPWEgTwEfqQkeEOSkJLpI45RbxuwoQy91jURehCrKiZIkuIMMYfm6Fxlu9\/+NdUf+Ve1uW9nxjweDiLJHy3rHSD6siJ9LVKh5fEYiUYzyIdGsYFLd4RI3GexILs+\/cBxv5DNtkjhgspHgj7bE+S6JBgHFFJUi4kfiqv06uy5Lx1zxwtHU6j9QmVTU7bPZFoxBosOIMzE\/zrYfAiLEiDYQZTIIdPnY0li8tOX+Hijzw=="}",Petición INCORRECTA
2023-05-15 20:16:21,CN=Client,OU=ST9,O=Insegus,L=Sevilla,ST=Andalucia,C=ES,"{"sabanas":"22","signature":"QekFjjFA35KgLBLTBRaTPGrdK6doCmr5hjO9\/0ZCHZGghTqKQSVjo9f4AIPwJVonV2AEfVGn4+kmxpSn8L04FrG24ULsAwWtohg4qRewRxpDxI8elyLMv505WS2ItlZGtIMe6vVrtYlM6GJDMa25cosKytHoPH9N51vQVLtXKDLSM7P0Ym\/Vk5M6Nx\/xhKqth+3lZVC6xvZJ2bjxjAcQZ15zrZ1St5tjg\/m\/6xYqrH7B90Zl47DYl0wWzbbQQlq8ERpgE2697m\/1+2cLwi1zKvCDc+LQz4fVBBRxk0LcoiWaNqAHV3nGc0F5Qe7GqvnEEWM0bvMBrv\/r8\/KJtjhayg=="}",Petición OK
2023-05-15 20:16:42,CN=Client,OU=ST9,O=Insegus,L=Sevilla,ST=Andalucia,C=ES,"{"camas":"33","mesas":"44","sabanas":"22","signature":"KGP5LaxL2NZ5d0Zf4XvQfkMvrk7say1NY3MiI+57qe9XISQTbN81TdSvlzFJPpKUxJ5tNbz1Oi6SFuqpLNnrMoc4oYKobIRpd4Y+HNjgPuSRJSVpEtfvvGHa++xHxXyJZWvp+ph+7UB8ifS4aygrdKXNqEVDjFzZbwx2UaUXG448nb\/eVgRthgjhD7K4tcWCY6JEhgscKhNbznK4xusGO9FIwUt1Q8ZorEDkNk1SCcrBP2ss\/3IMQVymmEXDq2DHMC98IIMXHptVm6wmP3ZwVPR4qQ8OfM8jXEbgpIxgxG54w\/Rr2TpESt\/e1L8+b73HKdwUtpTiE2WHX\/FTAq0PHA=="}",Petición OK
2023-05-15 20:16:56,CN=Client,OU=ST9,O=Insegus,L=Sevilla,ST=Andalucia,C=ES,"{"camas":"33","mesas":"44","sabanas":"22","sillas":"55","sillones":"88","signature":"r4cuxdF0idtK5yGEfyJ5X7OTo6dgNBDun\/OCAuLuK3uMWZnBuBUvTE2ft\/I6M8+zyJKkbQrXGPVdNgBMPVqdtUMwbF0GvLD+anzUOaW52JqUz6T0MY3bJ4O5oR1M41fhZAALgHvV3LAJvC1A23124JkO2Ftgaha1yZeW3Pa5hyMyDbZiWqknG7yjAFtFcP44t2enlDMwZYREwLEY4ude+xTcOSFZ4mEaty4RnH+ZnZO\/KSc8+XMUEsnMuJYUoIut8++Yy8Oaz3EldsRc6YJjyWnwPEM9sBoaMXYP53n4PxLhu37M5Thu+q6bGfMxmSqr9xPBBetd4OKzqiQ1WFBy6A=="}",Petición INCORRECTA
2023-05-15 20:19:27,CN=Client,OU=ST9,O=Insegus,L=Sevilla,ST=Andalucia,C=ES,"{"camas":"33","mesas":"44","sabanas":"22","sillas":"55","sillones":"88","signature":"r4cuxdF0idtK5yGEfyJ5X7OTo6dgNBDun\/OCAuLuK3uMWZnBuBUvTE2ft\/I6M8+zyJKkbQrXGPVdNgBMPVqdtUMwbF0GvLD+anzUOaW52JqUz6T0MY3bJ4O5oR1M41fhZAALgHvV3LAJvC1A23124JkO2Ftgaha1yZeW3Pa5hyMyDbZiWqknG7yjAFtFcP44t2enlDMwZYREwLEY4ude+xTcOSFZ4mEaty4RnH+ZnZO\/KSc8+XMUEsnMuJYUoIut8++Yy8Oaz3EldsRc6YJjyWnwPEM9sBoaMXYP53n4PxLhu37M5Thu+q6bGfMxmSqr9xPBBetd4OKzqiQ1WFBy6A=="}",Petición INCORRECTA
2023-05-15 20:19:33,CN=Client,OU=ST9,O=Insegus,L=Sevilla,ST=Andalucia,C=ES,"{"camas":"33","mesas":"44","sabanas":"22","sillas":"55","signature":"onwNghWIqAsNZVFWV8zXSuVfzDKrvzUvnaDvdgHORiyd8ikq\/iH6yo9xYPLQhRTQZWq0S7W8tJtK8ZjK\/NmgVLGE53vTRmqdzbPGE1MnOKKIAKyiunsdzgyGhVRpS6HzgisFqDVg2O+Wv6lfFAAvvlO\/TrL9bpvtmNM4WxTemE5ZETXNz56qdlSQ53ZP04zdQ9kfjsh9JZ8BCAvlRlyRjIyzYc43S\/0olS3ELUuyVcf1lEgGCNte\/4lsicQmResN95bjW\/TotxF0BAEAsS0HUIuS5KTdIEOo5aSD0rgba4ekv2VOLXWHHa\/PWcO\/6JDQzv4Gv6ow8e6v68ByabyIUg=="}",Petición OK
2023-05-15 20:19:43,CN=Client,OU=ST9,O=Insegus,L=Sevilla,ST=Andalucia,C=ES,"{"sillones":"88","signature":"NUmhlpDl0ixqlyc\/x0jkrIb9JnnszJlZYeojeZ4nzXhR9tiiPbOLa4RW9Nt3WDRM6Z6RnqqKUdjKnRQn3YoF0I5YjD0XoHRiKRis0mAxs0evNsIZiTcsiy2uipitiDaLtL3CI5Y3EIiPKymkvnef8JqrRBg6w7fqK6K8T9y58x9YegFZlGKrVxxmFbgBYusoZVLy8wC30wOArOCQVfdNV4f76Rthw4skG0cHOpZaGVeHSeH7RiT30nMP+a5kWPUpsw6v+cnNYdW\/2zZF3u9kHijUWYQKZSrKTL2fFIeoDpkSlq0CEYJwASVPuR43e+OdpFx4n4qrW7kWZd5zfeYlXA=="}",Petición OK
2023-05-15 20:20:02,CN=Client,OU=ST9,O=Insegus,L=Sevilla,ST=Andalucia,C=ES,"{"mesas":"44","sillas":"55","sillones":"88","signature":"YQvfUXOOQXtHmaNYmnJRqsyGtL7LdEEDz+8bJMaTieFeGX7YssJecC5XNVd7C8JREi2CUlDkpQB9AQqJ06jgfOKlOJl1W4QjFGai+6FyDDSEzepdWr9ALLvRxW+BYA0dWnRlH2vfhJPe66X\/fQENGawJL8MMmFC8kMhKlPXSiUQASAideHLQNTQRphz+0HNTi4zWUFwFJuGYnLr+QUL4giW2opFfQX+olZ0Er9tZYciQvTHQrEJ2u9Yd7fn5MbNNlrTl\/feW722Trfk2Z6+mkiTP28U0B6Tok4rbsCnK3SBBUhxAqGs3nnEzblL2C47slIYDIrw\/80AvT8o5bvQqHw=="}",Petición INCORRECTA
2023-05-15 20:20:20,CN=Client,OU=ST9,O=Insegus,L=Sevilla,ST=Andalucia,C=ES,"{"sabanas":"22","signature":"QekFjjFA35KgLBLTBRaTPGrdK6doCmr5hjO9\/0ZCHZGghTqKQSVjo9f4AIPwJVonV2AEfVGn4+kmxpSn8L04FrG24ULsAwWtohg4qRewRxpDxI8elyLMv505WS2ItlZGtIMe6vVrtYlM6GJDMa25cosKytHoPH9N51vQVLtXKDLSM7P0Ym\/Vk5M6Nx\/xhKqth+3lZVC6xvZJ2bjxjAcQZ15zrZ1St5tjg\/m\/6xYqrH7B90Zl47DYl0wWzbbQQlq8ERpgE2697m\/1+2cLwi1zKvCDc+LQz4fVBBRxk0LcoiWaNqAHV3nGc0F5Qe7GqvnEEWM0bvMBrv\/r8\/KJtjhayg=="}",Petición OK
2023-05-15 20:20:26,CN=Client,OU=ST9,O=Insegus,L=Sevilla,ST=Andalucia,C=ES,"{"camas":"33","signature":"SXzexCI\/+NCKPgyyPSYUsACA26iDeW271qRxNhJlYfG0iHfS4SgR3e1EH5KM2zQR0Onrk1JszzwUJ4a3cpwpmHFOshE\/W+hatwaJUBUaet0ByCHaPpEbRWKhq\/29j1IwDzxMkW5anp+f7mJ\/+Euwd6IX7oTi\/wbjbRcMH9ZO\/YPnFZsD7txd\/CvVazsfoBiSzx2EAle2DLyKCwEx2FtUoVtp\/v8dnUAMLL3e9UpfRZBjdZZhdprbe0viNZkVc3i6ConTXy6hMGwRQGzk9gaxDw1VM9i7bJeu4rALuF2Ul5LGWyyOoQKL8g4vqjtd0HqbVmsqeV5WHL44VRLH9bH3pg=="}",Petición OK
2023-05-15 20:20:51,CN=Client,OU=ST9,O=Insegus,L=Sevilla,ST=Andalucia,C=ES,"{"sillas":"55","sillones":"88","signature":"p88c2w5nnoJWGv7sK6q7BrLfhvrgnQIHIaI47fAB+5HkCnwCKAvUOV5OJH6gblwdcIq6CVxqqxkugKLtkhP9HN30zyvYAdbwV\/SWmWlTcjZnLdOo7e6nXYY\/Tk6bqJ7LYZzuspBvNo1fK1HepTnu2HY73tCEzm+X24bZTxav+ag7mgygAVqo0tKopzx4R0Mfli4So1ddmaBpEBHVQYoYmVD9mfEs7bY7sfuYZHzHE7zzAsHFix0lxQUoxPSrOONwcSoXA8Nt9FTGayuAYtffZsPxxXF\/bDayhskUYCV3Den+oms7bvDOupFdbWh7JmkO2HS6Iv6UamoX9eF6rYEeDg=="}",Petición INCORRECTA
2023-05-15 20:20:57,CN=Client,OU=ST9,O=Insegus,L=Sevilla,ST=Andalucia,C=ES,"{"sillones":"88","signature":"NUmhlpDl0ixqlyc\/x0jkrIb9JnnszJlZYeojeZ4nzXhR9tiiPbOLa4RW9Nt3WDRM6Z6RnqqKUdjKnRQn3YoF0I5YjD0XoHRiKRis0mAxs0evNsIZiTcsiy2uipitiDaLtL3CI5Y3EIiPKymkvnef8JqrRBg6w7fqK6K8T9y58x9YegFZlGKrVxxmFbgBYusoZVLy8wC30wOArOCQVfdNV4f76Rthw4skG0cHOpZaGVeHSeH7RiT30nMP+a5kWPUpsw6v+cnNYdW\/2zZF3u9kHijUWYQKZSrKTL2fFIeoDpkSlq0CEYJwASVPuR43e+OdpFx4n4qrW7kWZd5zfeYlXA=="}",Petición OK
2023-05-15 20:21:03,CN=Client,OU=ST9,O=Insegus,L=Sevilla,ST=Andalucia,C=ES,"{"sillas":"55","signature":"V70dVTDHbUnTSF0ljHTRahQI+dSeEWffPZrJnxG3A8DsJkDvSFvE8aiGq0NJywppXdWesUBotCPhYEbwpFb20YSpiz95wQgoPcK+IYiUAnC2RgutkGbfyV5Yk+cPHYI8X0VJ\/kz8H32\/O+Mrs8xWTEblspZViZ2d\/0DAMHopiLaFjx\/0r7CNyyKIsctpLbJzqraY\/OQEHg25RKzlucN2fxqd2zpW0Ciqn7SDk6xp6\/xIRF8SBhZdF5xoLz1h+twUS3m9EJPMAqrCM0iiGvAA8e9FGhRLhCNnmF+AxpViCf7ZeYErR+zAshpBPS5rWKfmzwqZkNm2v+rGQAfIyJemWA=="}",Petición OK
2023-05-15 20:21:29,CN=Client,OU=ST9,O=Insegus,L=Sevilla,ST=Andalucia,C=ES,"{"camas":"33","mesas":"44","sabanas":"22","sillas":"55","signature":"onwNghWIqAsNZVFWV8zXSuVfzDKrvzUvnaDvdgHORiyd8ikq\/iH6yo9xYPLQhRTQZWq0S7W8tJtK8ZjK\/NmgVLGE53vTRmqdzbPGE1MnOKKIAKyiunsdzgyGhVRpS6HzgisFqDVg2O+Wv6lfFAAvvlO\/TrL9bpvtmNM4WxTemE5ZETXNz56qdlSQ53ZP04zdQ9kfjsh9JZ8BCAvlRlyRjIyzYc43S\/0olS3ELUuyVcf1lEgGCNte\/4lsicQmResN95bjW\/TotxF0BAEAsS0HUIuS5KTdIEOo5aSD0rgba4ekv2VOLXWHHa\/PWcO\/6JDQzv4Gv6ow8e6v68ByabyIUg=="}",Petición OK
2023-05-15 20:21:40,CN=Client,OU=ST9,O=Insegus,L=Sevilla,ST=Andalucia,C=ES,"{"camas":"33","mesas":"44","sabanas":"22","sillones":"88","signature":"jpkz\/KTpd6Ju7t5j3BN3WxduKXTx2To2VO2O4yG6EJ5AfL2PlUqjlc9Cd8vWlh59aiFKfJfrMjGanjii25HVpyLGfoEjrKc79dbG7bDHnk7r\/tkEfB\/lc9NIpjoyO08qRxG9mkvyo3SbyQkoAlvXWy1R7gIxX58wp6z6gv9CXJPMkwCiXz5AI\/xREedmpHhjvg\/kFgpuAtmRLMRQPnvR13nC5IgTVBipGoOunR9u+gJX8gZbZ1DWlJF5dT\/Ar0d0ag2jvWWw0GQzvI4sqxrZdPEa1vr+NNflDhBQNq7QcWg4aXj13F8ulBrIUPjRiRDZc2e92tpmUeqkRCsrSjIh\/g=="}",Petición INCORRECTA
2023-05-15 20:22:37,CN=Client,OU=ST9,O=Insegus,L=Sevilla,ST=Andalucia,C=ES,"{"camas":"33","mesas":"44","sabanas":"22","signature":"KGP5LaxL2NZ5d0Zf4XvQfkMvrk7say1NY3MiI+57qe9XISQTbN81TdSvlzFJPpKUxJ5tNbz1Oi6SFuqpLNnrMoc4oYKobIRpd4Y+HNjgPuSRJSVpEtfvvGHa++xHxXyJZWvp+ph+7UB8ifS4aygrdKXNqEVDjFzZbwx2UaUXG448nb\/eVgRthgjhD7K4tcWCY6JEhgscKhNbznK4xusGO9FIwUt1Q8ZorEDkNk1SCcrBP2ss\/3IMQVymmEXDq2DHMC98IIMXHptVm6wmP3ZwVPR4qQ8OfM8jXEbgpIxgxG54w\/Rr2TpESt\/e1L8+b73HKdwUtpTiE2WHX\/FTAq0PHA=="}",Petición OK
2023-05-15 20:23:01,CN=Client,OU=ST9,O=Insegus,L=Sevilla,ST=Andalucia,C=ES,"{"sillas":"55","sillones":"88","signature":"p88c2w5nnoJWGv7sK6q7BrLfhvrgnQIHIaI47fAB+5HkCnwCKAvUOV5OJH6gblwdcIq6CVxqqxkugKLtkhP9HN30zyvYAdbwV\/SWmWlTcjZnLdOo7e6nXYY\/Tk6bqJ7LYZzuspBvNo1fK1HepTnu2HY73tCEzm+X24bZTxav+ag7mgygAVqo0tKopzx4R0Mfli4So1ddmaBpEBHVQYoYmVD9mfEs7bY7sfuYZHzHE7zzAsHFix0lxQUoxPSrOONwcSoXA8Nt9FTGayuAYtffZsPxxXF\/bDayhskUYCV3Den+oms7bvDOupFdbWh7JmkO2HS6Iv6UamoX9eF6rYEeDg=="}",Petición INCORRECTA
2023-05-15 20:23:12,CN=Client,OU=ST9,O=Insegus,L=Sevilla,ST=Andalucia,C=ES,"{"mesas":"44","sillas":"55","signature":"YNquEvms6BhKSQbIRwEeoKtyCyIoNandRAvpIeloz0\/jvoVDG8nPBmxfTxNesLued3M8Rha2hG2xHFDbLj6wBSN0xZJP2kGUaDYikG03cIIwPAcGijOrc0vxKzl2HPFmhGaGPIHTTYPEKojvtD2Z1WNe8en4lCTAzdfAEozj\/Lro0RJrDMieOtxtF7oanm8rlkkUsi7gdaB8rwbF0p9yQQeAy1047Zmc1MWYPOWjMZRoNwNxG\/j9Ke5ltYClmeuWUZ1\/vh17g\/\/mRp6g7sQAr7pdz9j+cJl67Eo3i9ish4OzFP\/TKlah\/B5YORpWfJFgY3BH1ucn95BqI0\/tK9NO2Q=="}",Petición OK
2023-05-15 20:23:18,CN=Client,OU=ST9,O=Insegus,L=Sevilla,ST=Andalucia,C=ES,"{"mesas":"44","sillones":"88","signature":"SE8O9tj0tQVj0hPssqyJFcQFBb+0ZKhIo53AqQRvEb1yaqP9hyTbjNFw+teH2nGvgTEZpjPMA83voWfIp0un4luDmey7hu1cJ92WSmOkTJGUy\/4nhI+qUNb4zNnTDp7FXnQLtVBMkdpMt+hOytLWYAJx8OsMa8tTl8BnUzu0Q1OKviPwTt8zjfWqhPJgreTFI565EnsTeGw2EXZXDyZpt3BcQRICphUN9yXRKrUP3YojjBOnvEmERYWOw0S4r5ZkIpvp9R1qtDAJL2HBjphkpTxPOyCUvzd2\/z5hJheWVXClsLP6dgeyI6NR7QokM1hr5QBKDCmTTTlNzzdgb1mGDQ=="}",Petición OK
2023-05-15 20:23:38,CN=Client,OU=ST9,O=Insegus,L=Sevilla,ST=Andalucia,C=ES,"{"mesas":"44","sillas":"55","sillones":"88","signature":"YQvfUXOOQXtHmaNYmnJRqsyGtL7LdEEDz+8bJMaTieFeGX7YssJecC5XNVd7C8JREi2CUlDkpQB9AQqJ06jgfOKlOJl1W4QjFGai+6FyDDSEzepdWr9ALLvRxW+BYA0dWnRlH2vfhJPe66X\/fQENGawJL8MMmFC8kMhKlPXSiUQASAideHLQNTQRphz+0HNTi4zWUFwFJuGYnLr+QUL4giW2opFfQX+olZ0Er9tZYciQvTHQrEJ2u9Yd7fn5MbNNlrTl\/feW722Trfk2Z6+mkiTP28U0B6Tok4rbsCnK3SBBUhxAqGs3nnEzblL2C47slIYDIrw\/80AvT8o5bvQqHw=="}",Petición INCORRECTA
2023-05-15 20:29:14,CN=Client,OU=ST9,O=Insegus,L=Sevilla,ST=Andalucia,C=ES,"{"mesas":"44","sillas":"55","sillones":"88","signature":"YQvfUXOOQXtHmaNYmnJRqsyGtL7LdEEDz+8bJMaTieFeGX7YssJecC5XNVd7C8JREi2CUlDkpQB9AQqJ06jgfOKlOJl1W4QjFGai+6FyDDSEzepdWr9ALLvRxW+BYA0dWnRlH2vfhJPe66X\/fQENGawJL8MMmFC8kMhKlPXSiUQASAideHLQNTQRphz+0HNTi4zWUFwFJuGYnLr+QUL4giW2opFfQX+olZ0Er9tZYciQvTHQrEJ2u9Yd7fn5MbNNlrTl\/feW722Trfk2Z6+mkiTP28U0B6Tok4rbsCnK3SBBUhxAqGs3nnEzblL2C47slIYDIrw\/80AvT8o5bvQqHw=="}",Petición INCORRECTA
2023-05-15 20:31:46,CN=Client,OU=ST9,O=Insegus,L=Sevilla,ST=Andalucia,C=ES,"{"camas":"33","mesas":"44","sabanas":"22","sillas":"55","signature":"onwNghWIqAsNZVFWV8zXSuVfzDKrvzUvnaDvdgHORiyd8ikq\/iH6yo9xYPLQhRTQZWq0S7W8tJtK8ZjK\/NmgVLGE53vTRmqdzbPGE1MnOKKIAKyiunsdzgyGhVRpS6HzgisFqDVg2O+Wv6lfFAAvvlO\/TrL9bpvtmNM4WxTemE5ZETXNz56qdlSQ53ZP04zdQ9kfjsh9JZ8BCAvlRlyRjIyzYc43S\/0olS3ELUuyVcf1lEgGCNte\/4lsicQmResN95bjW\/TotxF0BAEAsS0HUIuS5KTdIEOo5aSD0rgba4ekv2VOLXWHHa\/PWcO\/6JDQzv4Gv6ow8e6v68ByabyIUg=="}",Petición OK
2023-05-15 20:32:26,CN=Client,OU=ST9,O=Insegus,L=Sevilla,ST=Andalucia,C=ES,"{"camas":"33","mesas":"44","sabanas":"22","sillas":"55","sillones":"88","signature":"r4cuxdF0idtK5yGEfyJ5X7OTo6dgNBDun\/OCAuLuK3uMWZnBuBUvTE2ft\/I6M8+zyJKkbQrXGPVdNgBMPVqdtUMwbF0GvLD+anzUOaW52JqUz6T0MY3bJ4O5oR1M41fhZAALgHvV3LAJvC1A23124JkO2Ftgaha1yZeW3Pa5hyMyDbZiWqknG7yjAFtFcP44t2enlDMwZYREwLEY4ude+xTcOSFZ4mEaty4RnH+ZnZO\/KSc8+XMUEsnMuJYUoIut8++Yy8Oaz3EldsRc6YJjyWnwPEM9sBoaMXYP53n4PxLhu37M5Thu+q6bGfMxmSqr9xPBBetd4OKzqiQ1WFBy6A=="}",Petición INCORRECTA
2023-05-15 20:33:10,CN=Client,OU=ST9,O=Insegus,L=Sevilla,ST=Andalucia,C=ES,"{"camas":"33","mesas":"44","sabanas":"22","sillas":"55","signature":"onwNghWIqAsNZVFWV8zXSuVfzDKrvzUvnaDvdgHORiyd8ikq\/iH6yo9xYPLQhRTQZWq0S7W8tJtK8ZjK\/NmgVLGE53vTRmqdzbPGE1MnOKKIAKyiunsdzgyGhVRpS6HzgisFqDVg2O+Wv6lfFAAvvlO\/TrL9bpvtmNM4WxTemE5ZETXNz56qdlSQ53ZP04zdQ9kfjsh9JZ8BCAvlRlyRjIyzYc43S\/0olS3ELUuyVcf1lEgGCNte\/4lsicQmResN95bjW\/TotxF0BAEAsS0HUIuS5KTdIEOo5aSD0rgba4ekv2VOLXWHHa\/PWcO\/6JDQzv4Gv6ow8e6v68ByabyIUg=="}",Petición OK
2023-05-15 20:36:02,CN=Client,OU=ST9,O=Insegus,L=Sevilla,ST=Andalucia,C=ES,"{"camas":"33","mesas":"44","sillones":"88","signature":"J\/uHzJM2doP7yfCW+Kbdpx5W4Ty+lRZ1jn4Edx5kS82PNt3E1wST45D9Rkqiv76pzujxMLhUFU\/rkq1wtVSRelvThUbJKQPGEk+yIXlzAfe71j9PtmEf7rIH1Q61MsA9CLXxVFgPQcywWjYucLwcbqyWTFNwghmzEwJCie9ULzCvmbjnpTDlWh\/FFc0\/ZX1ZLZOd9lPFUBq8WjRDI9W5PPhlCuO5l88+hduI3LcS2PYb+dj1q9nVsCH1vso15XG04Tz2Gl7nHSYkqPQ+IFfGqq8xSwk1rFC0Ma1e4gvy8BT7s3R1zgmueQEJCjh4ZTcMRtm8iH5QxnUO1\/siQUWTVw=="}",Petición OK
2023-05-15 20:41:26,CN=Client,OU=ST9,O=Insegus,L=Sevilla,ST=Andalucia,C=ES,"{"camas":"33","mesas":"44","sillones":"88","signature":"J\/uHzJM2doP7yfCW+Kbdpx5W4Ty+lRZ1jn4Edx5kS82PNt3E1wST45D9Rkqiv76pzujxMLhUFU\/rkq1wtVSRelvThUbJKQPGEk+yIXlzAfe71j9PtmEf7rIH1Q61MsA9CLXxVFgPQcywWjYucLwcbqyWTFNwghmzEwJCie9ULzCvmbjnpTDlWh\/FFc0\/ZX1ZLZOd9lPFUBq8WjRDI9W5PPhlCuO5l88+hduI3LcS2PYb+dj1q9nVsCH1vso15XG04Tz2Gl7nHSYkqPQ+IFfGqq8xSwk1rFC0Ma1e4gvy8BT7s3R1zgmueQEJCjh4ZTcMRtm8iH5QxnUO1\/siQUWTVw=="}",Petición OK
2023-05-15 20:41:34,CN=Client,OU=ST9,O=Insegus,L=Sevilla,ST=Andalucia,C=ES,"{"camas":"33","mesas":"44","sillas":"55","sillones":"88","signature":"NsGj+uN79HZn\/RFZPHGiY9IKvWuubcRBlvwQTD4Ve7y1LuEO\/gLHJlGZ2VRs9IpmPAckDeDPKrW3LqAkcpKmGJ6WTzRIHHv1iB0AnheL7Is8dK8Zg\/kNoW\/S4xtxGTaBA6c5cuy7UBAdiFtFqpbaFYa4inVl1OSe0AdgewdsNVajzS2yMNfE5JSXDVvBYZfZXy7c1GBi6eJOIwemzpkmBivcfMeFFOz8nA71zpPZd8HoZES\/ZjS93Bn+3iHAlhTROQ\/yVOFgK+n7P4LlmxuV\/kkUnh8C19RV\/WpWwWQ0+w8mJPU6LSMaFaVXpMW3mB43c0uoWfyCj6gnReLGPpsBFg=="}",Petición INCORRECTA
